Doctor_ID,Associated_Diseases,Rating,Arrival_Time,Departure_Time,Contact_Number
1,Typhoid,2.734368732528839,08:00,13:00,588-931-1737x263
2,Bronchial Asthma,1.527872644564309,10:00,14:00,001-819-659-1357
3,Impetigo,3.035805842668342,09:00,14:00,273-566-7103
4,peptic ulcer disease,1.9741154030156216,09:00,16:00,282-672-9720
5,urinary tract infection,2.493069958970133,08:00,16:00,236.903.7104x59392
6,Dimorphic Hemorrhoids,4.265820256273022,08:00,17:00,223.567.9811
7,Jaundice,1.3652071547756606,10:00,13:00,251-640-2323x5002
8,Migraine,1.2970585863277386,09:00,17:00,596.747.3399x48810
9,allergy,2.199580243772176,09:00,14:00,(739)636-5136
10,Malaria,4.224404676109458,09:00,14:00,001-230-901-4120x8456
11,PsoriasisVaricose Veins,2.4636550425296324,10:00,14:00,624.782.8846x95171
12,Typhoid,2.436709398988571,08:00,13:00,+1-857-972-4821x4960
13,allergy,2.4052920606805532,08:00,17:00,915.281.1978
14,Pneumonia,3.1591677006823202,09:00,13:00,(218)732-8525x075
15,Chicken pox,1.3730408213861098,08:00,17:00,856-569-4954
16,Fungal infection,1.1387294077389734,10:00,15:00,7517546479
17,Fungal infection,1.882757232864214,08:00,16:00,880.626.0244x74802
18,drug reaction,1.1946791076733487,10:00,17:00,(425)698-5007
19,Dimorphic Hemorrhoids,4.6829221174757585,09:00,15:00,001-648-360-8219
20,peptic ulcer disease,4.003323872902465,11:00,13:00,(942)493-2922x386
21,diabetes,3.3354199103230626,09:00,17:00,394-816-9636
22,Impetigo,2.65267489605369,10:00,15:00,(985)322-2979
23,Impetigo,4.456560338507991,11:00,17:00,+1-764-972-8994x57315
24,gastroesophageal reflux disease,2.4858016949293282,09:00,17:00,+1-913-558-2763
25,allergy,3.341678054248591,09:00,16:00,001-204-903-2455x6959
26,Chicken pox,2.9206764154191185,11:00,16:00,716.613.2233x035
27,Pneumonia,2.8120439822226646,08:00,17:00,+1-867-653-8153
28,Fungal infection,4.0255113223123775,11:00,16:00,(545)864-8274x06556
29,Malaria,4.389749925343029,11:00,13:00,385-417-3609
30,Cervical spondylosis,2.9814606080566524,09:00,13:00,795.935.9605x26179
31,Typhoid,3.7937637691823567,09:00,13:00,861-279-9378x6821
32,Hypertension,3.6911246700500056,10:00,15:00,691.521.7527x25824
33,PsoriasisVaricose Veins,3.2557526653084996,11:00,17:00,(980)347-5084x6189
34,urinary tract infection,4.810336976239416,08:00,15:00,9897705851
35,Hypertension,4.11205525675177,11:00,14:00,+1-897-216-2309x162
36,diabetes,2.813655290245097,11:00,13:00,001-852-215-4157x428
37,peptic ulcer disease,2.386558924187826,09:00,13:00,001-363-402-0617
38,Bronchial Asthma,1.675455132982857,08:00,16:00,001-251-202-2811x2174
39,Acne,1.4354573318413317,09:00,13:00,2224709515
40,Cervical spondylosis,3.9553642139600496,08:00,14:00,657-283-5981
41,gastroesophageal reflux disease,4.4447295820879695,09:00,14:00,+1-687-576-3400x3422
42,Pneumonia,4.817549283910907,09:00,17:00,+1-248-332-3883x7340
43,Malaria,3.879856127030302,11:00,15:00,+1-494-571-8138x6677
44,Migraine,1.715062381095806,10:00,13:00,917.991.5902x611
45,Chicken pox,2.7919407406950727,08:00,13:00,001-200-692-3296x334
46,Jaundice,3.7195211498775644,08:00,16:00,526.363.7568
47,peptic ulcer disease,1.7462052929929546,10:00,16:00,5755645296
48,Typhoid,2.700219118424146,10:00,17:00,001-820-338-0047
49,Hypertension,3.6451307778126227,08:00,14:00,(618)489-6691x953
50,PsoriasisVaricose Veins,4.123020725432353,08:00,15:00,(984)305-7135
51,Dimorphic Hemorrhoids,4.144259973159307,11:00,14:00,8678362127
52,gastroesophageal reflux disease,1.0439106384686343,11:00,14:00,4236846919
53,Arthritis,4.95429179015507,09:00,16:00,001-417-217-5144
54,Dengue,2.5104624073812043,11:00,16:00,+1-714-886-1523x18965
55,diabetes,1.1254072519008922,10:00,13:00,4112084376
56,Jaundice,2.0391069340128745,08:00,14:00,+1-411-520-6758x627
57,peptic ulcer disease,2.654788237611038,09:00,15:00,(393)464-2019
58,PsoriasisVaricose Veins,2.349062317151539,09:00,16:00,967-671-3584x447
59,diabetes,2.3918411911803044,10:00,13:00,596.595.2567
60,allergy,1.2354273476719388,08:00,14:00,7789808263
61,Jaundice,4.691105122264408,09:00,14:00,6368917981
62,gastroesophageal reflux disease,3.709171407589965,11:00,16:00,798-607-7909x69671
63,peptic ulcer disease,3.160216481278606,11:00,15:00,001-293-311-6865x3930
64,Hypertension,3.4350885949099577,11:00,16:00,+1-843-615-0541x679
65,Jaundice,3.758045930752111,09:00,17:00,984-916-6908x765
66,Pneumonia,2.024246708321309,10:00,13:00,(495)629-4370x881
67,Pneumonia,2.9546014695057767,10:00,13:00,001-868-270-1556x97644
68,Hypertension,1.7334114255413215,11:00,13:00,319-870-3592
69,Pneumonia,2.100107070010262,08:00,13:00,001-365-707-8245x8700
70,peptic ulcer disease,3.3296004079103176,10:00,17:00,466.833.0923x36233
71,gastroesophageal reflux disease,3.002530832793938,09:00,13:00,+1-660-651-1996
72,Cervical spondylosis,1.9595056260861314,11:00,14:00,912.741.6496x03971
73,Pneumonia,1.5657213413553825,09:00,14:00,693.637.7902
74,diabetes,4.601941184406664,11:00,16:00,539.930.6919x408
75,Acne,4.946866590381188,08:00,17:00,+1-349-434-5334x284
76,Bronchial Asthma,4.113858249988084,11:00,13:00,884.870.7845x37060
77,Arthritis,4.359636112487385,08:00,13:00,663-528-4478x7647
78,Acne,4.339913137274281,11:00,14:00,341.599.3300x07378
79,Chicken pox,1.2123490214077273,11:00,14:00,411.964.0381x923
80,PsoriasisVaricose Veins,4.011057933443775,08:00,16:00,4525928649
81,Acne,3.160121742591498,11:00,13:00,+1-608-393-9371
82,Impetigo,3.0229515771205193,10:00,15:00,001-888-841-3575x82017
83,Dengue,4.697652358039926,08:00,17:00,828-317-8060x713
84,Pneumonia,1.8565805538738402,11:00,16:00,938-251-4263x56846
85,Jaundice,3.346551702063713,11:00,15:00,+1-454-207-7975x1455
86,Chicken pox,1.7031726763384198,09:00,17:00,509.543.0664x7517
87,PsoriasisVaricose Veins,2.9158346644716895,10:00,15:00,299-473-5509x0556
88,Migraine,4.37046400056993,09:00,14:00,393-338-2750
89,Hypertension,1.844425063740776,10:00,15:00,001-663-742-2568
90,Malaria,4.602176053062328,09:00,17:00,535-228-2251x59619
91,peptic ulcer disease,2.746181058073442,08:00,14:00,001-483-492-1204x7010
92,PsoriasisVaricose Veins,4.527772632524873,08:00,13:00,261-835-1732
93,gastroesophageal reflux disease,4.46892058940437,09:00,14:00,719.635.6358x504
94,peptic ulcer disease,3.919641064318266,09:00,13:00,001-621-693-4727
95,Pneumonia,3.929744052832477,08:00,17:00,001-637-647-5056x8068
96,peptic ulcer disease,2.920524040447041,11:00,13:00,874.438.9427
97,drug reaction,3.721109565452939,11:00,15:00,870.762.9308x1662
98,drug reaction,3.2947115187467686,09:00,15:00,495.421.9118
99,Chicken pox,2.2697652248109477,10:00,16:00,+1-373-722-7536x4431
100,Arthritis,2.3005414991863407,09:00,13:00,815.372.9218
101,Arthritis,2.9079133806918405,09:00,13:00,937-777-3461x8815
102,gastroesophageal reflux disease,2.522474639016302,11:00,14:00,001-507-928-3279x1717
103,Dengue,1.6913089310269322,10:00,16:00,484.514.7937x0845
104,Typhoid,3.36260303802443,08:00,16:00,261-579-7361
105,Common Cold,3.7693128014570623,09:00,16:00,495.907.7331
106,Migraine,3.3447874360950727,11:00,15:00,+1-874-480-3537x7761
107,Chicken pox,3.4565137574744793,11:00,14:00,8615571683
108,Typhoid,4.284929657325418,11:00,15:00,(334)274-0802
109,urinary tract infection,1.913251881249535,08:00,16:00,(624)836-3255
110,Acne,4.362598350230284,10:00,14:00,781.483.4626x43450
111,Dengue,3.4209183763060107,09:00,13:00,690-350-2125x1866
112,Cervical spondylosis,1.1059029700819245,09:00,17:00,547-993-9466x170
113,urinary tract infection,1.0520612769303908,10:00,14:00,001-353-398-9642
114,diabetes,1.1028405727364916,09:00,13:00,233-993-9285
115,Cervical spondylosis,3.620477339283023,08:00,13:00,(922)202-0145x0429
116,gastroesophageal reflux disease,3.7958092648037947,08:00,16:00,001-705-731-4031x5875
117,Malaria,2.2488660514630565,10:00,17:00,5052216925
118,Bronchial Asthma,2.6685928123964215,08:00,17:00,001-589-452-1727x994
119,Cervical spondylosis,2.8264829031455254,10:00,14:00,293-900-5307x2495
120,Dimorphic Hemorrhoids,4.227696737025033,08:00,13:00,538-964-1861
121,Acne,1.725560500861183,09:00,16:00,635-744-3363
122,Migraine,2.0845132197150535,10:00,15:00,570.756.1274x062
123,Dimorphic Hemorrhoids,3.871396831878098,08:00,17:00,001-963-497-0043x7971
124,Cervical spondylosis,4.033384275932189,09:00,13:00,232-671-9225x48475
125,Common Cold,2.320938178844281,10:00,15:00,794.668.7996
126,Pneumonia,3.495893728783638,10:00,14:00,567.224.1882
127,urinary tract infection,2.625069833286905,10:00,14:00,+1-673-992-3538x0331
128,Dengue,4.227072907786051,09:00,15:00,600.830.7326x159
129,Cervical spondylosis,3.8355311712036047,10:00,15:00,323.601.2426x443
130,allergy,3.004059822269427,08:00,17:00,902-848-9088
131,Fungal infection,1.0673797470587787,11:00,14:00,(258)813-7635x46197
132,allergy,3.875190638736663,11:00,16:00,(891)878-2557
133,Malaria,1.375983175652245,10:00,17:00,+1-429-416-2422x700
134,Cervical spondylosis,4.037928075177693,09:00,15:00,(966)512-1330x38618
135,Bronchial Asthma,4.487922347633054,08:00,17:00,+1-598-978-9340x0933
136,Impetigo,4.4373880426426275,11:00,17:00,(339)548-3638
137,Impetigo,3.7814784900732588,09:00,17:00,(637)896-5098
138,Typhoid,3.898700239303315,09:00,16:00,572-795-0624
139,PsoriasisVaricose Veins,4.777933768903212,10:00,14:00,5658089195
140,Hypertension,3.3049104696784366,09:00,13:00,587.646.0535x2512
141,Jaundice,3.1878937086296006,08:00,17:00,266.979.1523
142,Jaundice,2.866219403998047,08:00,15:00,001-495-917-0911x1302
143,PsoriasisVaricose Veins,3.0519595170693363,09:00,17:00,(965)226-0236x191
144,Pneumonia,1.3797145186936404,08:00,16:00,(670)632-0084
145,Impetigo,3.191023025885631,08:00,14:00,(932)206-4761
146,Common Cold,1.438526309910186,09:00,15:00,752-539-0539x379
147,Arthritis,3.5568847195404953,10:00,14:00,416-996-4812x7755
148,Impetigo,4.811238399398439,10:00,13:00,3862714381
149,peptic ulcer disease,1.2670079710489244,08:00,14:00,+1-710-995-0682x7248
150,allergy,2.799749474905822,09:00,15:00,568-897-9740
151,Common Cold,2.448431865068676,10:00,16:00,5667568270
152,urinary tract infection,2.6920177361917057,11:00,13:00,001-790-251-9614
153,Hypertension,3.1693839582101244,08:00,13:00,001-206-591-1152x603
154,Dengue,4.562882869071721,11:00,17:00,944.658.2689x4755
155,gastroesophageal reflux disease,2.2017649920789664,10:00,14:00,6697017255
156,Impetigo,1.6703504791561512,10:00,17:00,001-974-995-1726x525
157,Typhoid,4.1527414112814585,10:00,17:00,375.292.2219x504
158,peptic ulcer disease,3.6563781917696856,09:00,17:00,+1-508-266-1437x7703
159,diabetes,4.603029742422358,11:00,14:00,001-752-799-5417
160,Dengue,3.726099286639349,08:00,16:00,+1-825-316-2283
161,Hypertension,4.783666476148627,08:00,14:00,514-200-7971
162,Dengue,2.023589045416939,10:00,17:00,424.474.8439x4555
163,Arthritis,2.9737059076227035,09:00,16:00,(771)865-1528x774
164,Jaundice,2.6536446859637386,09:00,17:00,713-894-6625x22505
165,drug reaction,3.965889819744526,10:00,16:00,512.238.1555x320
166,Acne,1.2575847923491716,09:00,13:00,001-998-640-8121x43441
167,allergy,3.5688862608306637,09:00,17:00,001-906-816-9865x8822
168,Common Cold,1.0538806333130917,08:00,15:00,719.656.8474
169,Dimorphic Hemorrhoids,3.801682904942991,10:00,16:00,+1-910-316-8199x6417
170,drug reaction,4.390007640812643,08:00,14:00,656.925.8841x893
171,Dengue,2.009315534214188,11:00,17:00,527-266-9016x13363
172,Fungal infection,1.4556360038421214,11:00,14:00,735.806.7951
173,Dimorphic Hemorrhoids,2.491551112117519,10:00,14:00,001-718-392-4588x7786
174,Pneumonia,1.3095466352412024,10:00,13:00,(952)373-6255x06218
175,PsoriasisVaricose Veins,4.289963275698565,11:00,13:00,617.626.7458x1955
176,Dengue,2.049973356748693,08:00,15:00,457-215-1107x43015
177,Hypertension,2.4402621705754104,10:00,17:00,(405)613-3323x829
178,Typhoid,2.2154028662772087,10:00,16:00,001-950-445-3698
179,Migraine,1.69355405989793,09:00,13:00,(818)639-5358x6702
180,diabetes,3.1924350564525636,09:00,16:00,317.817.9897
181,gastroesophageal reflux disease,4.732107427750078,08:00,13:00,827.591.5467x00280
182,Bronchial Asthma,2.2084466681377424,08:00,15:00,267.693.4629
183,urinary tract infection,1.407635993094139,10:00,13:00,680-915-0246x1572
184,Dengue,4.5740465395674,11:00,15:00,+1-754-869-1016x051
185,Bronchial Asthma,1.7965528225775307,09:00,17:00,283-929-9910x03086
186,PsoriasisVaricose Veins,1.0396101085329286,11:00,17:00,+1-528-387-0959x6572
187,Dengue,3.698874911719942,10:00,13:00,600-389-3424
188,Typhoid,2.633786423632191,10:00,14:00,9864118455
189,Jaundice,3.984562843323353,09:00,17:00,313.350.4196
190,Impetigo,3.867997565089734,09:00,16:00,(763)772-1089x298
191,Typhoid,3.8196422018139287,11:00,15:00,001-323-340-0731x2362
192,Acne,1.0396908311162036,08:00,15:00,+1-911-880-3269x482
193,Chicken pox,3.024317164749674,10:00,16:00,+1-592-396-7864x1142
194,gastroesophageal reflux disease,4.668446671126128,11:00,14:00,+1-934-225-7389x1911
195,allergy,2.769851978224364,11:00,13:00,647.621.4387x82592
196,Chicken pox,4.8993738304464305,08:00,17:00,694-924-1170
197,Typhoid,1.6249219219193818,08:00,17:00,+1-686-421-5731
198,drug reaction,4.038603362698245,08:00,13:00,792.573.5519x252
199,drug reaction,3.4589556973486797,10:00,17:00,912.358.5141
200,Pneumonia,4.625757138296773,11:00,17:00,001-564-619-4632x72183
201,Hypertension,2.2101474676969155,09:00,15:00,988.407.1887x3375
202,Arthritis,1.7851148893068136,11:00,15:00,209-384-0501x985
203,diabetes,4.209036718131841,09:00,16:00,357.974.4709x58056
204,drug reaction,4.864284666636193,10:00,15:00,+1-700-548-5120x793
205,Common Cold,4.208054891936321,11:00,14:00,+1-928-318-7186x5994
206,Pneumonia,4.57627787911949,08:00,13:00,(340)719-7925x594
207,gastroesophageal reflux disease,4.115856667408181,11:00,17:00,(801)400-2237x5034
208,Dimorphic Hemorrhoids,2.9999452292068365,09:00,13:00,611-938-8749
209,urinary tract infection,1.9011943943404095,11:00,13:00,295-948-5931
210,Dengue,3.270168989063774,10:00,14:00,471.224.6929x324
211,Acne,1.7554384801285599,11:00,15:00,965.702.1156x00873
212,urinary tract infection,4.572985775677839,09:00,17:00,001-726-886-8723x42953
213,Acne,2.429969681640696,09:00,14:00,+1-406-423-2549x786
214,Bronchial Asthma,1.4015077762475086,10:00,14:00,951-466-9549x300
215,Typhoid,1.8834043306541783,11:00,14:00,580-917-4722
216,urinary tract infection,4.084625318935848,09:00,16:00,297-863-2536x0959
217,gastroesophageal reflux disease,2.4601097989102985,08:00,17:00,551.786.1098
218,Impetigo,4.639681959408318,09:00,15:00,+1-466-712-5360x53874
219,Bronchial Asthma,3.357705352113941,11:00,16:00,801-893-3560x64338
220,Bronchial Asthma,4.914475187644048,08:00,13:00,(595)717-7039x001
221,Chicken pox,4.671313637488009,10:00,13:00,344.738.3693
222,Common Cold,2.068319458702656,08:00,16:00,958-669-9682x896
223,peptic ulcer disease,2.335256393452242,08:00,17:00,971-228-3274x46886
224,diabetes,2.5119502107545144,11:00,15:00,001-418-228-8681
225,Typhoid,3.826044210239911,08:00,17:00,+1-417-719-3465x690
226,Acne,3.902779009665299,08:00,17:00,(258)496-5455
227,Malaria,2.8663802227273325,09:00,14:00,(937)634-7893x809
228,Acne,1.244186517389811,11:00,13:00,729-354-5526x969
229,Jaundice,1.0876088272312368,08:00,15:00,903.900.6995x614
230,PsoriasisVaricose Veins,4.497897127636833,08:00,14:00,411.856.8867x250
231,drug reaction,2.70811508148826,09:00,14:00,462.879.9336x523
232,Malaria,3.118014881220505,10:00,17:00,001-294-470-0865x669
233,Bronchial Asthma,4.34883766125613,08:00,14:00,9864916670
234,gastroesophageal reflux disease,2.8375002670058227,08:00,13:00,998.507.0145
235,Migraine,2.411094849279036,08:00,13:00,001-327-778-3153
236,Migraine,1.1736413227027356,09:00,15:00,(291)261-1804
237,Impetigo,4.622316794043979,11:00,14:00,(914)718-4627
238,Jaundice,4.2548052230841575,11:00,16:00,+1-321-896-3521x20332
239,peptic ulcer disease,3.0671093437032706,09:00,15:00,416-890-3889
240,Fungal infection,3.866338968318371,09:00,13:00,234.714.8331x2302
241,Fungal infection,1.7104261997058,08:00,17:00,411-333-7584
242,Bronchial Asthma,1.694237413356623,10:00,13:00,(449)745-2810
243,PsoriasisVaricose Veins,1.0827540682812962,10:00,14:00,+1-821-737-3771x055
244,Common Cold,2.4053565035963125,11:00,13:00,463.699.2166
245,gastroesophageal reflux disease,2.7757710588753244,11:00,14:00,735.956.2368x7158
246,PsoriasisVaricose Veins,1.785232456664041,10:00,13:00,001-691-999-5174x9530
247,gastroesophageal reflux disease,4.53586607696292,09:00,17:00,+1-478-760-0435
248,Jaundice,3.970636373948372,08:00,14:00,987.354.9366x425
249,Malaria,4.22333463620453,11:00,13:00,001-738-428-2226
250,urinary tract infection,1.943667115780198,08:00,16:00,(536)822-7447
251,Dimorphic Hemorrhoids,1.2105720848528847,11:00,17:00,(420)227-5459
252,Malaria,4.264119259496146,10:00,17:00,001-397-535-7031x04261
253,Pneumonia,3.6173311110220783,09:00,16:00,990.999.8009
254,Migraine,4.908138342745886,09:00,13:00,(950)872-1738
255,diabetes,1.7575891159617818,08:00,14:00,(597)983-8221x430
256,Migraine,3.821269049392268,11:00,14:00,882.902.0717x9078
257,diabetes,1.8553044326882553,10:00,17:00,(289)342-3985x3888
258,diabetes,3.6180751613880897,08:00,15:00,001-380-270-1075x42540
259,Typhoid,3.388209935485972,09:00,15:00,+1-544-918-1158x61471
260,Common Cold,3.166881978818801,10:00,16:00,(921)694-2897x17284
261,gastroesophageal reflux disease,2.3542052359208796,09:00,13:00,718-642-1008x72936
262,Impetigo,3.628710809189351,11:00,15:00,961.629.6986x85500
263,Migraine,3.9217236549744263,09:00,13:00,638-575-7539
264,Chicken pox,3.1668888313731336,08:00,13:00,728-656-2203
265,gastroesophageal reflux disease,1.270039938045528,10:00,14:00,+1-874-466-5633x020
266,Typhoid,4.567640494001571,08:00,15:00,(635)612-1287x69864
267,Arthritis,3.4652199019831627,10:00,17:00,989-248-0687
268,Malaria,3.425400269020112,08:00,15:00,(556)883-4872x45283
269,urinary tract infection,3.5178706364852186,11:00,16:00,001-253-282-7959x83929
270,Chicken pox,2.366544487022319,10:00,13:00,358-639-4930
271,peptic ulcer disease,1.2410194321293737,09:00,15:00,001-745-737-3053
272,Bronchial Asthma,2.3320780240632515,09:00,13:00,241.929.3237
273,Fungal infection,4.625368131601081,11:00,13:00,(398)394-9648x707
274,drug reaction,4.449179325404641,08:00,14:00,(252)335-4904x5248
275,PsoriasisVaricose Veins,3.653966452089883,09:00,16:00,484.463.9981x90960
276,urinary tract infection,2.9179868467257313,08:00,17:00,843.835.4947
277,Common Cold,3.904376300142228,10:00,16:00,+1-609-431-7731x4119
278,Fungal infection,4.554570178992398,08:00,14:00,001-323-254-2456
279,urinary tract infection,2.868750203129402,10:00,14:00,6949538258
280,Cervical spondylosis,1.6806796777229254,11:00,16:00,001-663-880-1233x9199
281,gastroesophageal reflux disease,2.047789211657058,10:00,17:00,(532)555-4074x78476
282,Hypertension,2.9733974616995105,09:00,15:00,001-312-864-1601x5614
283,Arthritis,4.384089966298557,09:00,13:00,(447)834-0384x4669
284,urinary tract infection,3.158610098011334,09:00,16:00,509-699-0694
285,Chicken pox,4.292870604067479,08:00,17:00,4283063110
286,drug reaction,4.611950594596395,08:00,17:00,5378910951
287,Acne,4.5015803181365595,11:00,15:00,937-842-3725x765
288,Typhoid,4.282968644747783,08:00,14:00,3463087180
289,Dengue,2.3442140700488765,10:00,15:00,6948499101
290,Typhoid,2.3104353533899764,11:00,17:00,439-310-2398x6354
291,Jaundice,2.0626933055587404,09:00,14:00,(700)815-5588x12384
292,Dimorphic Hemorrhoids,2.285017388694228,10:00,15:00,(347)295-2558x2827
293,peptic ulcer disease,2.5005301768055173,11:00,14:00,7398256008
294,Acne,1.282282596093974,11:00,17:00,914-476-5890
295,Dengue,4.074481745359069,09:00,14:00,562.554.7912
296,Chicken pox,2.255112995962935,10:00,17:00,654-644-2773
297,Dimorphic Hemorrhoids,4.316014699061665,08:00,14:00,+1-798-435-3004x81461
298,Pneumonia,3.379823195422133,09:00,16:00,+1-788-638-5157
299,Pneumonia,4.916417884700735,10:00,15:00,756-581-2066
300,Malaria,4.930207402050911,08:00,17:00,(348)942-4959
301,Common Cold,4.962188371957456,10:00,16:00,+1-691-903-2490x9292
302,Dimorphic Hemorrhoids,3.5770411135654734,11:00,16:00,563.645.0008x82713
303,Pneumonia,2.2622919093308282,11:00,16:00,001-758-832-3261x162
304,Dimorphic Hemorrhoids,3.6125390103201376,11:00,16:00,(550)770-7883x809
305,urinary tract infection,1.87647113482699,08:00,13:00,240.599.1032x6796
306,Pneumonia,3.5282314108249757,08:00,16:00,+1-231-693-7165
307,Arthritis,2.1797912065189378,09:00,17:00,442.274.6295x0149
308,PsoriasisVaricose Veins,4.841253501480244,08:00,15:00,4019348044
309,peptic ulcer disease,4.585619968544718,10:00,13:00,424.453.2769x384
310,Pneumonia,2.9241928729208406,10:00,15:00,295-969-1700x841
311,Impetigo,3.9329912202041695,09:00,14:00,908.421.7223x2316
312,Dengue,3.7965437806090705,10:00,16:00,(352)682-1483x581
313,Chicken pox,2.3892897180484276,10:00,17:00,+1-384-300-9632x11089
314,Arthritis,1.4946252884030176,08:00,14:00,(793)725-6940x01629
315,Fungal infection,2.438938769376253,09:00,15:00,418-388-5858
316,PsoriasisVaricose Veins,1.3264044548341785,08:00,14:00,001-984-398-2298x8500
317,drug reaction,4.750526802526055,08:00,15:00,954-893-1895x489
318,Common Cold,3.3343678582846614,08:00,14:00,+1-793-501-8379
319,gastroesophageal reflux disease,1.209286897387384,08:00,17:00,001-960-511-1726x8788
320,Common Cold,4.93129562018822,08:00,16:00,001-207-414-7297
321,PsoriasisVaricose Veins,4.633610774996978,10:00,14:00,576-743-9309x59031
322,Fungal infection,3.8528074927825395,10:00,13:00,785-517-0149x6266
323,Acne,1.5387939895142866,08:00,14:00,310.932.9624
324,urinary tract infection,4.501577866868406,09:00,15:00,001-820-983-1920x317
325,Typhoid,3.8908423901123244,08:00,15:00,6176689809
326,Hypertension,1.9749741192212071,08:00,17:00,+1-682-672-1377
327,Pneumonia,2.902305781684589,09:00,14:00,001-899-731-8741x4051
328,diabetes,2.6682171984201886,10:00,13:00,(558)328-8588x09612
329,Jaundice,3.9295672282398635,09:00,14:00,829-650-8574x828
330,Impetigo,3.8945147314649056,11:00,17:00,001-423-631-0387
331,PsoriasisVaricose Veins,2.4090918541155713,11:00,17:00,209.380.6910x369
332,Fungal infection,4.909987987446312,10:00,16:00,001-793-984-3159
333,urinary tract infection,4.4326633788621965,10:00,14:00,(399)714-8997x26726
334,urinary tract infection,2.484019545637051,11:00,13:00,001-259-973-4542x4380
335,Hypertension,2.259854882386205,08:00,14:00,+1-583-368-2673x5223
336,Arthritis,1.6197308556283834,10:00,17:00,(899)714-1230x268
337,Dimorphic Hemorrhoids,3.311401183337691,09:00,13:00,+1-409-210-9336x966
338,peptic ulcer disease,2.436261909508214,08:00,13:00,2612875135
339,Common Cold,4.285265780748041,09:00,14:00,(212)716-5716
340,Arthritis,2.3453027612466215,09:00,14:00,+1-836-946-3222x9007
341,Malaria,1.8192669520432552,08:00,17:00,511.677.6698x59958
342,allergy,4.020166419265092,11:00,15:00,001-627-813-7355x8865
343,Bronchial Asthma,3.9336297332949886,08:00,13:00,906.826.5184x36455
344,Jaundice,4.697648818661534,08:00,17:00,+1-237-366-6273
345,Acne,1.4781103119986616,09:00,16:00,563-698-7916x1870
346,PsoriasisVaricose Veins,4.386409703808417,10:00,13:00,9653213863
347,PsoriasisVaricose Veins,1.9028542713558112,10:00,15:00,977-654-1608
348,drug reaction,4.1085546725291255,08:00,17:00,723.799.2079x72135
349,diabetes,2.922586975940459,10:00,13:00,001-352-679-0389x1120
350,Cervical spondylosis,2.384255307052922,11:00,13:00,001-405-863-7939
351,gastroesophageal reflux disease,1.3229270387190866,11:00,13:00,+1-442-458-5847x591
352,Arthritis,2.7394040028117517,11:00,15:00,001-546-809-2779x18685
353,Chicken pox,1.1964435941691036,11:00,14:00,685-479-4965
354,Chicken pox,4.732360583960288,11:00,16:00,205-990-8120
355,Typhoid,4.5155507065800045,09:00,16:00,480.780.6101x212
356,Common Cold,2.937421943345979,11:00,13:00,969.674.0670x76309
357,Impetigo,3.860722912548424,08:00,15:00,+1-340-860-8939x9615
358,Malaria,4.6966104397365305,09:00,17:00,+1-892-458-8559x31080
359,Malaria,4.017329970998167,11:00,16:00,627-399-7090
360,Pneumonia,2.7841491814162618,08:00,14:00,(911)294-0149
361,diabetes,4.9780813027098985,08:00,13:00,001-832-445-3696
362,Malaria,2.7660989038022743,11:00,15:00,(432)553-4722
363,allergy,1.944788149047131,10:00,16:00,(906)389-3448
364,Migraine,4.965177605494519,10:00,13:00,+1-394-775-5228x4850
365,urinary tract infection,2.7161192202820446,10:00,14:00,775-974-7493
366,Malaria,3.3951707014630625,08:00,14:00,602-700-1965x13341
367,Migraine,4.927547482980769,11:00,16:00,865.388.9318x2365
368,allergy,3.9864465438875443,10:00,13:00,626.215.8069x9560
369,Dimorphic Hemorrhoids,4.8078076589776675,11:00,15:00,8964017908
370,Common Cold,1.9072787071140196,08:00,14:00,+1-788-707-4293x7205
371,urinary tract infection,1.7644037251097258,11:00,17:00,228.399.9205x04995
372,Migraine,2.8578667974177883,10:00,13:00,874-671-6251
373,Typhoid,1.4485559424001697,08:00,13:00,(372)947-0140
374,Typhoid,4.918476732646579,11:00,15:00,(979)262-3095x7087
375,Migraine,3.4243367307396055,09:00,17:00,(894)622-6645x12127
376,Dengue,2.5206336120107853,09:00,16:00,+1-495-776-6111x6757
377,Chicken pox,4.201411918938019,09:00,15:00,845.363.0249x1850
378,urinary tract infection,4.375797783862183,09:00,16:00,001-943-940-8253x68134
379,Hypertension,4.312265587249223,08:00,17:00,001-798-387-0424x0440
380,Malaria,2.692815408084796,08:00,14:00,767-336-9581x929
381,Chicken pox,3.4014651686773836,08:00,13:00,+1-213-267-1804x035
382,urinary tract infection,4.333892112351782,09:00,13:00,993-405-0590
383,Dengue,1.6880213320225717,10:00,13:00,278-898-4606x0300
384,Bronchial Asthma,1.0029739959401582,09:00,17:00,662-542-2246x2750
385,Hypertension,3.5214472596969846,10:00,14:00,2517617389
386,Chicken pox,4.943708318030189,10:00,13:00,001-701-264-3725x22931
387,Arthritis,2.1419703739769216,10:00,17:00,001-514-640-2931x6861
388,Dengue,2.997869931327685,09:00,17:00,855.348.1052x39378
389,gastroesophageal reflux disease,1.6983542949557182,08:00,16:00,435.953.6512x92392
390,peptic ulcer disease,3.451987048160562,08:00,15:00,001-289-893-5596
391,diabetes,2.539386554503125,11:00,13:00,721.747.6332
392,Pneumonia,4.930489835084971,08:00,17:00,281-685-0608
393,Dimorphic Hemorrhoids,2.9538464100674893,10:00,13:00,964-862-2776x87821
394,Arthritis,4.865759020711856,11:00,16:00,294-882-3912x3791
395,Acne,3.9176709523949067,08:00,13:00,292.516.5107x5694
396,Fungal infection,2.4170872293007992,09:00,14:00,956-202-8708x25339
397,drug reaction,4.436207730950221,10:00,16:00,+1-531-430-5022
398,Common Cold,2.294808250699965,09:00,15:00,(230)217-1379
399,Dengue,3.2682390326875366,09:00,16:00,307-371-3067
400,Arthritis,4.51254500122257,10:00,15:00,(642)497-1229x89336
401,Common Cold,3.307069169149486,11:00,15:00,+1-398-895-0834x44001
402,gastroesophageal reflux disease,3.682951366331392,10:00,16:00,943.921.0802x575
403,allergy,1.5305883381885494,08:00,13:00,(760)498-0688x811
404,Chicken pox,3.823658742987174,08:00,16:00,707-350-8700x27921
405,Fungal infection,4.357556033633584,08:00,13:00,540-418-3939
406,peptic ulcer disease,3.159025172658215,11:00,17:00,(399)711-7200
407,peptic ulcer disease,3.195505229962979,08:00,17:00,591.574.3818x15584
408,Malaria,2.3673881831026344,08:00,17:00,(484)204-1126x239
409,diabetes,4.722306866353351,09:00,17:00,(467)378-9168x8363
410,Dimorphic Hemorrhoids,1.9148392789915225,10:00,16:00,537.233.5477
411,gastroesophageal reflux disease,4.22359681469737,08:00,16:00,+1-370-936-5837
412,Cervical spondylosis,2.5798825528104032,10:00,13:00,8128633917
413,PsoriasisVaricose Veins,4.049913881361587,11:00,13:00,+1-886-487-2042x8086
414,peptic ulcer disease,1.1855058318376508,09:00,13:00,600-213-6911
415,Chicken pox,4.426392497598284,09:00,13:00,983-827-8216
416,allergy,1.6886190792906226,11:00,17:00,001-407-269-6934
417,Bronchial Asthma,3.74896695778916,08:00,13:00,001-726-980-5235
418,Hypertension,2.5634238422645628,09:00,14:00,(984)480-6699x62005
419,drug reaction,3.110910163268356,08:00,15:00,(289)738-0564x96075
420,Impetigo,3.803091171678654,10:00,13:00,872-328-7621x0498
421,Chicken pox,4.942458325081288,08:00,14:00,001-423-660-7561x283
422,Common Cold,3.7296240696165635,09:00,17:00,702.952.7505x45501
423,Typhoid,1.0236275036156304,09:00,15:00,001-466-205-5436x80786
424,gastroesophageal reflux disease,4.202427038908619,11:00,16:00,963.479.8648x440
425,Typhoid,2.637606160426743,09:00,16:00,001-612-784-8472x76901
426,drug reaction,3.62464622292765,09:00,17:00,603-220-3379x10231
427,Impetigo,2.7774458094127175,08:00,16:00,001-291-812-2847
428,Pneumonia,3.0031548673823627,11:00,16:00,(519)870-7627x44070
429,Malaria,1.2865600623901146,10:00,15:00,001-734-510-9097x8390
430,Pneumonia,4.276204006925416,11:00,17:00,(641)955-6038x91673
431,Malaria,3.202764888280417,10:00,15:00,696-783-2710
432,Acne,2.2412550794100934,11:00,13:00,+1-748-671-7067x139
433,PsoriasisVaricose Veins,2.6753880878733463,10:00,15:00,(437)540-5888
434,Jaundice,4.421048167014138,08:00,13:00,(417)898-0277
435,allergy,2.9306129909780902,08:00,14:00,858-627-7979x190
436,PsoriasisVaricose Veins,4.317898592787884,08:00,14:00,994-876-1188
437,allergy,1.0652093677883694,11:00,15:00,001-370-799-7162x4959
438,Malaria,2.115917477458881,11:00,13:00,205.308.6624
439,Cervical spondylosis,4.555776702778725,09:00,17:00,001-855-642-0566x8302
440,urinary tract infection,2.809076504660904,08:00,16:00,486-485-7659x75361
441,Acne,3.1778476222026693,11:00,16:00,5277470819
442,Common Cold,4.187535582889161,10:00,17:00,6858127746
443,drug reaction,2.5232543982641293,08:00,13:00,380.937.0822x6909
444,drug reaction,4.909422260400737,10:00,16:00,6083255440
445,peptic ulcer disease,4.147438326451761,11:00,17:00,565-933-4023x000
446,drug reaction,1.3072502817309526,11:00,16:00,834.802.7317x94062
447,peptic ulcer disease,4.859002745467585,11:00,15:00,(777)775-7599x706
448,Pneumonia,3.5338149245843042,09:00,15:00,(346)370-4044x845
449,Impetigo,1.0858465237531254,09:00,17:00,(465)895-9148x20516
450,gastroesophageal reflux disease,3.6576306865395787,11:00,13:00,+1-537-590-4024x51485
451,Common Cold,1.707162467720555,09:00,14:00,001-652-522-0033
452,Fungal infection,2.1755096602833173,09:00,14:00,001-723-648-6469x49297
453,drug reaction,4.624237388884296,08:00,15:00,591-219-3809x0495
454,gastroesophageal reflux disease,3.6507744374665205,10:00,14:00,001-849-225-8720
455,peptic ulcer disease,2.822480062044551,11:00,15:00,256-561-0577
456,Pneumonia,3.7091333213930646,10:00,16:00,505-734-0423
457,Dimorphic Hemorrhoids,2.1461504253036208,09:00,16:00,828-710-9448x940
458,Arthritis,3.435118615620354,10:00,17:00,897-990-6893x843
459,Jaundice,4.5469714856534305,10:00,15:00,426.814.3397
460,diabetes,2.1792447825568915,11:00,15:00,955.398.3037
461,Typhoid,4.918508092525295,08:00,14:00,326.565.7021
462,PsoriasisVaricose Veins,1.3475284792001525,09:00,14:00,(652)722-0432
463,Common Cold,2.660838209106201,11:00,17:00,884-756-7913x778
464,PsoriasisVaricose Veins,2.204694566469335,11:00,15:00,586-343-7621x29334
465,diabetes,4.67323821459501,09:00,14:00,(296)325-0126x95425
466,Impetigo,1.3403791599845944,09:00,17:00,+1-584-272-8850x3468
467,Fungal infection,3.2197274623476817,09:00,14:00,727.767.8762x68771
468,urinary tract infection,4.092375313456514,10:00,13:00,785.923.5274
469,Jaundice,2.1695461488235073,10:00,17:00,392-227-0146
470,Impetigo,2.1310446039990683,09:00,17:00,867.388.9510x122
471,drug reaction,3.618227588250484,10:00,13:00,961-855-5893
472,PsoriasisVaricose Veins,1.7314219607877126,10:00,17:00,3717098959
473,Malaria,1.6712995678267175,09:00,14:00,+1-739-899-0357x80452
474,peptic ulcer disease,3.6949694078294404,10:00,17:00,862-923-9376
475,Arthritis,4.76981631294694,08:00,14:00,811.410.7522
476,Jaundice,3.2866353665821304,08:00,16:00,823-289-7387
477,Acne,2.4944818068590067,10:00,13:00,926-355-9054x207
478,Acne,2.7048877095710644,10:00,16:00,001-636-925-9486
479,peptic ulcer disease,3.4974698864786067,11:00,14:00,001-695-407-3473x006
480,Malaria,3.8103152650301526,09:00,17:00,+1-809-637-1144x810
481,Chicken pox,2.256935387889415,09:00,13:00,+1-693-879-6855
482,Dengue,3.331744093403979,11:00,15:00,8429979762
483,Dengue,3.4148329469519263,10:00,14:00,703.554.9328
484,Jaundice,1.8705422850818754,09:00,15:00,752-333-3732
485,Bronchial Asthma,4.144559528610127,08:00,14:00,(624)302-6722x931
486,drug reaction,1.576934546166008,08:00,16:00,8898179664
487,drug reaction,3.39045710855877,08:00,15:00,+1-814-694-7318x716
488,Hypertension,1.8637264989830342,08:00,16:00,612-838-5949
489,Bronchial Asthma,4.418249713372331,11:00,14:00,001-437-427-9082x408
490,Dengue,4.9694341731624085,09:00,15:00,624.445.4613x2436
491,Malaria,1.6119003169439812,08:00,16:00,938.550.2652x7298
492,PsoriasisVaricose Veins,2.2422360917955095,10:00,13:00,412-214-0995
493,Cervical spondylosis,1.657295020944304,08:00,14:00,488.775.1306x2275
494,Jaundice,3.72489439238616,09:00,17:00,(712)826-2061
495,Dimorphic Hemorrhoids,1.478660704059707,08:00,15:00,(258)440-7197
496,peptic ulcer disease,1.90741979517736,09:00,16:00,001-419-513-5626
497,Migraine,2.347068818324254,09:00,15:00,315.920.5961x120
498,PsoriasisVaricose Veins,3.8440999329580667,10:00,17:00,664-914-0396x16353
499,urinary tract infection,2.1574810729864677,11:00,16:00,001-673-571-4334x281
500,peptic ulcer disease,4.177607324501622,10:00,14:00,+1-649-781-4797x2968
501,Typhoid,1.8680739988420774,11:00,16:00,001-712-527-3917x235
502,Dengue,3.0103527276290936,09:00,13:00,+1-848-358-4068x3184
503,Jaundice,1.1701068040306954,08:00,15:00,+1-571-503-7233x1688
504,Pneumonia,2.432323538805685,10:00,14:00,829-542-1898x5644
505,Fungal infection,3.2248222603021177,09:00,16:00,273.753.8461
506,Migraine,4.549377644691945,11:00,15:00,616.955.2995
507,urinary tract infection,2.8307635949070966,09:00,15:00,765-890-4385
508,gastroesophageal reflux disease,3.2078461163018748,08:00,14:00,855.589.1363x08174
509,diabetes,1.0052870831551672,11:00,15:00,001-936-820-4427
510,drug reaction,4.351411933497836,10:00,16:00,(280)246-1641x24776
511,Malaria,3.866329178298801,10:00,17:00,(489)368-8834
512,Impetigo,4.757937945927633,11:00,17:00,545.580.2229x833
513,Impetigo,2.9510329189143447,10:00,13:00,(606)958-5328x57286
514,urinary tract infection,4.168200473742514,08:00,15:00,362-421-6828
515,diabetes,1.7263783520033251,08:00,14:00,6375587378
516,Jaundice,3.5344134582212243,11:00,13:00,001-542-610-2943
517,gastroesophageal reflux disease,2.9633208853912785,10:00,13:00,229.933.9104x7036
518,Dengue,3.164557387025382,10:00,13:00,718-228-8807x194
519,Common Cold,1.7565202172719414,10:00,14:00,2102698812
520,Typhoid,4.83915710540311,10:00,13:00,+1-740-255-4599x4339
521,peptic ulcer disease,4.708210310231852,08:00,14:00,001-350-853-9718x174
522,Impetigo,4.874740316464694,08:00,17:00,001-710-946-8698x911
523,Arthritis,4.969182659293521,09:00,17:00,6255118125
524,Common Cold,2.987602448379047,10:00,17:00,001-454-682-4649x421
525,peptic ulcer disease,1.9226616555150478,11:00,17:00,2644086339
526,Malaria,3.5408403755037567,10:00,16:00,(725)725-4375x157
527,Hypertension,3.311845535742736,08:00,13:00,294.894.9763
528,diabetes,1.8363543566940939,10:00,15:00,(204)430-2391
529,Cervical spondylosis,2.394218182161161,11:00,15:00,261-305-3517x12266
530,Typhoid,1.0928213923348524,08:00,13:00,001-276-242-6234x6619
531,Hypertension,1.8864252958371268,10:00,17:00,(376)404-7686x7038
532,diabetes,4.089309557825294,11:00,16:00,+1-291-491-4240x13554
533,Acne,2.4076503630167436,08:00,16:00,405.444.1965
534,drug reaction,3.2688989981891834,08:00,16:00,001-490-699-8403x06849
535,Impetigo,4.491959854331636,10:00,13:00,492-331-5630x938
536,Impetigo,1.1888721783042087,10:00,15:00,489-476-0238x707
537,drug reaction,4.633635929899055,08:00,14:00,+1-603-455-1099x28009
538,PsoriasisVaricose Veins,3.253288214546791,10:00,17:00,725.315.5083x873
539,Chicken pox,2.1769165836671265,08:00,13:00,592.241.1991x4711
540,drug reaction,1.4827978240320716,10:00,17:00,+1-704-436-3022x821
541,Acne,2.4563501859305066,11:00,14:00,456.468.5384
542,drug reaction,2.258133018321202,11:00,14:00,(710)415-3441x19509
543,Jaundice,4.896384080690928,10:00,14:00,626.373.9207x210
544,Fungal infection,1.3941567754557873,09:00,14:00,712.855.1132
545,Arthritis,3.679436391275773,08:00,16:00,249.836.6546x417
546,peptic ulcer disease,4.4253338650574,11:00,14:00,6479118245
547,allergy,1.6082374583797265,11:00,13:00,374-420-0679x6823
548,Arthritis,2.481382156631849,09:00,16:00,874.904.2961
549,peptic ulcer disease,2.169109150794536,08:00,14:00,202-428-4674x1668
550,Migraine,4.251539547533362,11:00,17:00,+1-338-424-0695
551,Jaundice,4.35151123559728,10:00,13:00,324-840-6554
552,Arthritis,4.534144434769566,11:00,17:00,(282)282-7423
553,drug reaction,2.996532859400562,09:00,15:00,902-276-2557x03602
554,gastroesophageal reflux disease,1.5031904410060424,11:00,17:00,325-668-3452
555,drug reaction,4.880010109963726,11:00,15:00,339-909-0089x3863
556,Typhoid,2.600385265836639,09:00,16:00,(482)684-6738x94182
557,Jaundice,4.14574565307797,10:00,17:00,+1-518-451-7134x53569
558,peptic ulcer disease,2.0799617585762378,11:00,16:00,674.888.5129
559,PsoriasisVaricose Veins,2.647690115317746,11:00,16:00,+1-308-798-7417x839
560,Chicken pox,2.431093921301694,11:00,17:00,+1-966-440-6991x499
561,gastroesophageal reflux disease,3.0994910324702003,10:00,15:00,583-253-0339x861
562,Bronchial Asthma,1.8183850671769677,11:00,17:00,001-382-579-7871
563,Migraine,1.872637994376324,09:00,17:00,(264)955-1719
564,Chicken pox,1.0744311490255192,11:00,14:00,2059932385
565,Pneumonia,4.1715092368509605,08:00,13:00,001-718-217-8580x0712
566,PsoriasisVaricose Veins,3.0047827706531174,09:00,16:00,275-246-1863
567,Hypertension,4.175525215746404,09:00,17:00,(212)583-0084x7151
568,Bronchial Asthma,3.0731822600530956,09:00,14:00,901-348-1428x49878
569,Chicken pox,2.5844007032470633,10:00,13:00,382-321-7047x803
570,peptic ulcer disease,2.581972287171777,11:00,17:00,258-916-0039
571,Fungal infection,3.3723366317929067,11:00,15:00,467.661.3070x8153
572,Malaria,3.9751176354127113,11:00,17:00,644.901.7063
573,drug reaction,3.5097862642810056,11:00,15:00,+1-219-982-8207x82831
574,Common Cold,4.362118804094873,10:00,14:00,454-919-3120x2086
575,Impetigo,3.799077110540024,09:00,15:00,400-790-4174x972
576,Migraine,2.0751564612762525,10:00,14:00,730-861-2225x232
577,Jaundice,2.589073548360717,11:00,13:00,638-620-7402x4559
578,Fungal infection,3.503627503504383,11:00,15:00,(462)335-6962x0076
579,allergy,2.2699056756136917,11:00,15:00,284-656-4355
580,Bronchial Asthma,4.4504890617492805,08:00,13:00,001-905-372-5562
581,peptic ulcer disease,1.4946445592739872,09:00,14:00,(211)210-8618x20951
582,diabetes,2.3063774976275773,08:00,15:00,875-571-8971x08812
583,PsoriasisVaricose Veins,2.207906311511555,10:00,16:00,(686)621-4186x7431
584,allergy,2.5714710460880075,09:00,15:00,499-678-4541x2911
585,Fungal infection,3.091680278792143,11:00,13:00,+1-554-407-4809x80198
586,diabetes,4.938226511231252,11:00,13:00,(739)346-1904
587,Typhoid,2.651917270398476,11:00,14:00,964.302.6369
588,PsoriasisVaricose Veins,4.713486469257843,10:00,16:00,765-419-6597x7555
589,allergy,2.7224981078959978,09:00,14:00,(433)805-5935x3042
590,Arthritis,4.426274669696756,11:00,17:00,631-317-4638x57335
591,Impetigo,3.843831603090292,08:00,15:00,001-586-803-4771x052
592,Typhoid,4.328247336888937,09:00,16:00,001-570-216-7781x47899
593,Migraine,2.812777043026764,10:00,15:00,(200)962-7886x2233
594,Cervical spondylosis,3.567671099890087,09:00,17:00,+1-890-509-0162x22165
595,Dimorphic Hemorrhoids,1.098472413296291,09:00,13:00,001-718-247-2911x764
596,gastroesophageal reflux disease,1.2915006135178215,09:00,14:00,908.266.7391x601
597,Dengue,3.7957970689425182,11:00,17:00,001-741-371-5684x4170
598,peptic ulcer disease,2.9457366869194117,10:00,15:00,703-489-6684x3161
599,peptic ulcer disease,2.149278363616532,09:00,14:00,+1-521-738-3767x449
600,urinary tract infection,1.8694107889797893,08:00,15:00,001-876-482-0394x047
601,peptic ulcer disease,2.7169910474978423,09:00,16:00,432.563.3349x8998
602,Jaundice,3.9739423778661713,10:00,17:00,450.558.0593x776
603,Malaria,1.1098317646404463,10:00,17:00,522-813-9063x89868
604,urinary tract infection,1.9002494189651302,10:00,13:00,+1-220-900-4163x395
605,PsoriasisVaricose Veins,3.9169726393885096,08:00,16:00,001-530-729-0554x13157
606,allergy,2.7041897331550953,08:00,13:00,(623)719-4853
607,gastroesophageal reflux disease,4.637730409847897,10:00,13:00,2578867958
608,Chicken pox,3.9099536934465293,09:00,13:00,786.632.2712
609,Cervical spondylosis,1.6518347460087512,08:00,17:00,001-709-589-2326x4454
610,drug reaction,4.365448495049633,08:00,15:00,450.642.6544
611,drug reaction,2.382883639624191,09:00,17:00,438.565.8530
612,Dimorphic Hemorrhoids,3.6620324150633667,11:00,16:00,825.982.9919
613,Jaundice,2.2563265012709417,08:00,14:00,545.592.9643
614,Impetigo,1.9698267754789551,10:00,14:00,603.558.1610x2603
615,Cervical spondylosis,4.25070842866222,09:00,16:00,001-274-574-5319x5328
616,Dengue,4.985931548860238,10:00,15:00,996.912.8601x01762
617,peptic ulcer disease,4.103274173884076,10:00,15:00,(284)336-1149x407
618,Dimorphic Hemorrhoids,3.8950929595468096,09:00,13:00,872.842.0119x716
619,Common Cold,1.8603658687430755,08:00,15:00,(319)475-4353
620,Jaundice,1.0407898463882574,10:00,17:00,(912)720-9796x61813
621,Hypertension,2.7762857834931847,09:00,14:00,(650)608-6279
622,Migraine,1.6118487750749009,08:00,13:00,+1-567-530-7491
623,Common Cold,4.108363341499585,10:00,13:00,+1-765-370-7229x6300
624,peptic ulcer disease,2.2581639542537775,10:00,15:00,+1-422-248-3852x8519
625,allergy,4.6464337549584425,10:00,17:00,001-500-916-1643
626,Bronchial Asthma,1.7180390544376767,11:00,17:00,+1-748-337-0254
627,diabetes,3.372633194193859,11:00,14:00,386-955-4967x02093
628,Fungal infection,4.115632835039458,09:00,14:00,+1-214-251-6265
629,Cervical spondylosis,2.851916669939002,09:00,17:00,784.676.9952x64977
630,Dengue,4.4731419599374185,08:00,17:00,848.414.1471
631,gastroesophageal reflux disease,2.1222823161606956,10:00,14:00,001-355-829-6292
632,Dengue,3.047793703062004,08:00,15:00,001-668-398-6407x623
633,urinary tract infection,1.746498816819067,09:00,13:00,270.548.8709
634,Common Cold,3.78030748599541,09:00,17:00,721.545.8802x617
635,Malaria,1.6676985585426016,10:00,14:00,(688)427-1185
636,drug reaction,1.1080442558183563,10:00,15:00,(422)880-4471x919
637,Bronchial Asthma,3.3971221030087255,08:00,14:00,392.560.7907
638,diabetes,3.680451661313179,11:00,17:00,8119075230
639,Hypertension,2.567665417834574,08:00,16:00,(394)792-3992
640,peptic ulcer disease,3.894050419361448,08:00,14:00,590-433-0196x63966
641,urinary tract infection,2.6947613870543834,11:00,15:00,+1-395-559-7832x0074
642,Chicken pox,3.0374087222249084,11:00,15:00,001-916-622-0741x9784
643,Malaria,3.66160507049141,10:00,15:00,843-733-0583
644,Migraine,1.1762097659051345,08:00,17:00,4818592539
645,Malaria,3.2609441014537457,08:00,16:00,660.255.3137x675
646,Malaria,4.244363825399278,10:00,13:00,+1-900-894-3047
647,Hypertension,2.05529513297755,10:00,16:00,389.274.2238x239
648,Cervical spondylosis,3.7336809735653174,11:00,13:00,868-409-7218
649,Migraine,1.1256905123537035,10:00,16:00,425-551-6236x507
650,Pneumonia,1.7770525679794456,10:00,13:00,914.352.5578
651,Common Cold,2.5358135760392893,10:00,16:00,001-894-397-0631x488
652,Hypertension,3.1953766377584953,10:00,16:00,(349)929-4174
653,Common Cold,1.419438460650301,09:00,13:00,769.799.5789
654,allergy,3.9749209766681575,08:00,16:00,442-417-5983
655,Jaundice,4.671367622984083,08:00,17:00,+1-519-792-3806
656,diabetes,1.8891018231046561,10:00,17:00,001-861-827-5749x37073
657,Common Cold,3.1251465341406273,08:00,13:00,841.760.0245x318
658,Cervical spondylosis,1.8599751093254762,11:00,14:00,312-652-1494
659,Arthritis,4.709407725051838,08:00,13:00,303-281-4518
660,Migraine,4.85023110993569,09:00,17:00,(697)877-6956
661,Malaria,4.313770921819669,09:00,16:00,(277)558-1919x6757
662,Hypertension,4.481352278464534,11:00,14:00,283.739.2414
663,Migraine,3.5587500766879203,09:00,17:00,726-289-7242x813
664,Cervical spondylosis,3.3839300038290308,11:00,13:00,(826)496-9237x39084
665,Impetigo,4.278943635771906,09:00,13:00,+1-235-471-3746x18827
666,PsoriasisVaricose Veins,4.241373421313882,09:00,13:00,(373)509-6758x96274
667,Dimorphic Hemorrhoids,1.2708332250122774,09:00,15:00,(947)241-2873
668,gastroesophageal reflux disease,1.7279294175432645,08:00,13:00,2395855602
669,peptic ulcer disease,1.3189444718032202,10:00,16:00,(619)643-0329
670,Acne,2.8938997483880184,09:00,15:00,964.809.3296
671,gastroesophageal reflux disease,2.360522316809345,08:00,13:00,(800)626-7634x8129
672,Bronchial Asthma,2.809032566058597,10:00,15:00,3169166914
673,Hypertension,2.830938221516839,10:00,17:00,001-928-967-7759
674,Cervical spondylosis,2.374784956954532,10:00,15:00,(484)426-6198
675,diabetes,2.49955008435668,08:00,16:00,+1-243-606-5171x0463
676,PsoriasisVaricose Veins,2.183309497939346,08:00,14:00,+1-724-615-2620x346
677,Acne,2.1565541173580027,08:00,14:00,(852)887-5477
678,Malaria,2.5676751108906024,10:00,15:00,3894031683
679,Hypertension,1.7104309676443439,08:00,13:00,001-928-541-1664x808
680,Impetigo,2.131864063139017,08:00,14:00,578.716.0330x71393
681,Cervical spondylosis,3.0228298769613464,08:00,17:00,(703)249-7264
682,Hypertension,3.9956572347225956,11:00,17:00,(280)372-2604
683,Dengue,4.713818775972896,09:00,14:00,794.569.5508
684,gastroesophageal reflux disease,2.6334239931233743,11:00,15:00,001-340-267-3646x7634
685,Malaria,2.651112132745071,10:00,15:00,330.654.9134x12632
686,Malaria,2.8762070918783307,08:00,15:00,(606)912-3620x2166
687,gastroesophageal reflux disease,1.61416102849324,09:00,15:00,586.975.9872
688,Arthritis,3.466628928846896,09:00,16:00,858.732.9121x94568
689,Impetigo,1.1916788995763525,08:00,15:00,(727)966-4626x145
690,PsoriasisVaricose Veins,3.2617853982717064,08:00,13:00,(868)540-7812
691,diabetes,4.474720047914296,10:00,15:00,840.931.2968x569
692,Acne,1.4899840420126567,09:00,16:00,762-234-1629x009
693,Jaundice,4.096127071202869,11:00,13:00,740.579.3358x9678
694,Arthritis,1.9800650996191616,09:00,13:00,(310)887-2248x1246
695,allergy,2.875526774744062,10:00,14:00,6583432228
696,Malaria,1.827877018160451,08:00,16:00,898.623.7244
697,gastroesophageal reflux disease,1.8935906476885984,11:00,17:00,001-307-493-7756
698,urinary tract infection,3.4230379968549767,09:00,13:00,+1-629-421-7139x4782
699,Pneumonia,4.231091601480609,11:00,14:00,(296)728-2824x95190
700,Acne,1.3501596015174573,08:00,14:00,953.474.1679
701,Malaria,2.5627471228689167,09:00,15:00,530.288.4930
702,PsoriasisVaricose Veins,4.820479124701993,08:00,17:00,995.715.9306
703,Arthritis,4.732662048597874,10:00,17:00,+1-829-479-1952x29147
704,Typhoid,4.903129934042436,09:00,17:00,554-899-4198x62481
705,Arthritis,1.5025591957105564,09:00,17:00,(854)834-5194x5569
706,Typhoid,2.527005380003659,09:00,17:00,5915190655
707,Impetigo,4.848245381141944,10:00,17:00,333-691-5859
708,Bronchial Asthma,2.2153679879958843,09:00,16:00,001-440-906-5720x93955
709,PsoriasisVaricose Veins,4.454110417193816,11:00,15:00,+1-856-545-7249x297
710,Arthritis,3.638581084786335,11:00,16:00,852-742-8763x030
711,PsoriasisVaricose Veins,3.675789233759767,08:00,17:00,768.948.4985x1491
712,Cervical spondylosis,1.1401382679701997,10:00,17:00,884.315.4257x46587
713,Typhoid,3.507463727921911,10:00,14:00,001-622-533-5130x77578
714,Bronchial Asthma,3.612988593014731,10:00,15:00,795.932.9005
715,gastroesophageal reflux disease,1.5772892081501997,08:00,16:00,001-243-708-4775x5763
716,Typhoid,4.054286632673714,08:00,17:00,001-507-874-7003x806
717,drug reaction,2.383963174427517,10:00,13:00,(293)267-2249
718,Jaundice,3.2214398708258485,08:00,15:00,375-367-2098
719,Common Cold,3.8601247329874075,11:00,15:00,527-281-8326
720,Typhoid,1.0674855072903515,09:00,16:00,(302)244-6752x49991
721,Malaria,1.7409339389359064,10:00,16:00,285-305-5096x7045
722,Chicken pox,4.032470469005126,10:00,14:00,745.414.2816x67611
723,Fungal infection,2.47175562113715,11:00,13:00,813.701.9345x858
724,allergy,1.3301186042948485,11:00,15:00,335.841.1854
725,diabetes,3.7655457096055813,09:00,13:00,001-555-845-4047x226
726,peptic ulcer disease,2.185785516498587,09:00,17:00,326.415.5736
727,diabetes,3.749804538552179,10:00,13:00,(785)863-8631
728,Malaria,3.064354382963803,08:00,13:00,+1-362-836-2049x48153
729,Malaria,1.0279245378236195,09:00,14:00,352-252-2655x835
730,Dengue,3.432133372275621,11:00,14:00,+1-694-438-5239
731,Dengue,2.400785324001814,08:00,15:00,443-542-3509x460
732,Typhoid,4.132726100774517,08:00,17:00,(359)501-6462
733,diabetes,1.4253137411057186,08:00,13:00,(336)245-4065x818
734,drug reaction,4.058793608659964,11:00,15:00,2603525899
735,Fungal infection,3.9655344465334355,09:00,14:00,+1-263-220-7559x6828
736,diabetes,3.081607442487505,10:00,15:00,361.592.9320x661
737,gastroesophageal reflux disease,1.4164164906052448,08:00,17:00,001-598-751-9336
738,Dimorphic Hemorrhoids,2.3056152988627994,10:00,14:00,7655456128
739,Arthritis,1.5311760492092255,10:00,14:00,+1-604-401-8870x23660
740,Fungal infection,3.1982626211544813,08:00,16:00,674-764-6458x7144
741,Arthritis,4.878621690999997,08:00,16:00,373.221.8251x3677
742,Migraine,3.2054366019255545,08:00,17:00,+1-305-992-5791x17907
743,Malaria,4.008862480544099,11:00,15:00,221-624-3839x0601
744,Jaundice,1.394530660145234,09:00,15:00,+1-442-627-7773
745,Jaundice,4.654402240948569,11:00,15:00,9382081472
746,Acne,4.884936481864562,10:00,14:00,001-200-926-3597
747,Bronchial Asthma,1.4982623581392427,10:00,15:00,(935)639-0869
748,Common Cold,2.543636967961268,09:00,15:00,415-650-8927
749,Pneumonia,4.07755118217044,10:00,16:00,001-256-768-8032x30877
750,Migraine,3.84600051885155,10:00,15:00,+1-229-741-8886x7181
751,Impetigo,2.6928804039842262,10:00,13:00,3685452156
752,PsoriasisVaricose Veins,3.336688188587898,08:00,14:00,(570)467-6397
753,Malaria,1.4927607797237283,10:00,13:00,(679)543-6526x970
754,PsoriasisVaricose Veins,3.317989088770644,10:00,14:00,001-949-210-5347x0300
755,Hypertension,2.444186394468266,10:00,17:00,2054990294
756,Cervical spondylosis,1.567200853034695,09:00,17:00,564.776.5777x721
757,gastroesophageal reflux disease,1.2076884695350922,10:00,17:00,001-416-653-2010x450
758,Migraine,1.449091100598232,11:00,15:00,(757)555-2336x053
759,Jaundice,3.98112151719867,09:00,17:00,5864956076
760,Cervical spondylosis,2.7208006622131693,11:00,13:00,(789)381-7303x5062
761,drug reaction,2.3266000370459987,11:00,13:00,787.833.6551
762,Hypertension,4.550319570778738,10:00,15:00,001-303-275-3075x150
763,Acne,3.2560571602775656,10:00,14:00,254-257-5344x071
764,Common Cold,4.76889878976907,11:00,15:00,001-508-774-5079x608
765,Typhoid,3.888066747708166,09:00,16:00,001-939-523-2767x7663
766,Pneumonia,3.3485554805356084,09:00,16:00,(436)753-6928x79544
767,Jaundice,1.751933212175318,10:00,14:00,678-226-3526x1773
768,Dimorphic Hemorrhoids,1.659986525416806,09:00,13:00,426-595-8967x0265
769,Bronchial Asthma,2.8825065298229577,10:00,16:00,+1-625-815-0001x0793
770,Acne,3.530698932967104,11:00,17:00,+1-316-791-0623x57040
771,Common Cold,4.759057731739248,11:00,13:00,418.458.0695x635
772,PsoriasisVaricose Veins,2.8126158623015156,11:00,16:00,+1-437-237-6723x4975
773,Impetigo,4.75298663487715,11:00,15:00,472.896.1377x79102
774,Bronchial Asthma,1.6689470141735576,08:00,14:00,904-719-2080x24427
775,Acne,2.3189052262349317,08:00,16:00,2982040969
776,Cervical spondylosis,4.463966127254101,08:00,16:00,(528)287-9410
777,Hypertension,3.417906345038876,10:00,17:00,(802)537-8663x506
778,Typhoid,4.081635718363481,08:00,17:00,813-331-6452x337
779,Typhoid,1.436484843302709,09:00,17:00,958-827-7522
780,Acne,2.6067079643465547,11:00,16:00,404-417-4863x36896
781,PsoriasisVaricose Veins,1.588670611531139,08:00,16:00,(390)562-5366
782,Pneumonia,4.32793369091879,11:00,16:00,+1-543-605-1186x66700
783,Pneumonia,3.242448167237963,11:00,17:00,(694)789-5126x73278
784,diabetes,1.459038435297908,09:00,13:00,(333)307-9588
785,Jaundice,1.3913483740542407,11:00,13:00,706.558.9912x177
786,drug reaction,1.8506643519000177,09:00,14:00,301.905.7326x0759
787,peptic ulcer disease,2.296097267982582,08:00,13:00,744-533-5995x725
788,Hypertension,1.9156724242064267,08:00,15:00,435-617-6879x166
789,Malaria,4.128376159650507,11:00,14:00,001-888-993-8716x291
790,Migraine,4.32118308838686,09:00,17:00,497-922-0752
791,Malaria,3.7799342154130895,11:00,16:00,(712)759-6789
792,Impetigo,2.2609752719258704,09:00,17:00,+1-940-354-3877x737
793,urinary tract infection,3.7479834327864885,10:00,13:00,(395)833-1622
794,allergy,1.0551770635524682,08:00,17:00,001-618-363-6908x79778
795,drug reaction,1.7475222229867486,08:00,15:00,001-663-628-3425x80656
796,Hypertension,3.0528940236694417,10:00,13:00,685.864.5920
797,Arthritis,1.2071791875762656,11:00,17:00,268-620-1051
798,Common Cold,4.228681037172946,10:00,13:00,+1-981-816-1438x780
799,Acne,4.509304213100496,09:00,14:00,(781)261-6877x7771
800,Hypertension,4.6443400368943495,08:00,14:00,001-675-985-5553x001
801,Common Cold,3.8788531015173318,09:00,14:00,(881)555-5912
802,Typhoid,3.6448840706503027,10:00,14:00,736-769-1061x880
803,allergy,1.1141144367763927,08:00,13:00,623-541-7001x0900
804,Cervical spondylosis,1.1015979566441478,10:00,16:00,659.721.9135x573
805,Dimorphic Hemorrhoids,4.02840580086273,08:00,13:00,+1-702-723-0540x91126
806,Arthritis,4.09377430512378,08:00,13:00,001-728-587-7401x9905
807,diabetes,2.0853423981847343,08:00,17:00,5194003444
808,Common Cold,2.9600024077122344,11:00,17:00,871.482.8072x30310
809,Typhoid,1.2012669990212448,08:00,16:00,(407)213-2031
810,urinary tract infection,4.4468973701613725,10:00,13:00,+1-620-575-7182x088
811,Cervical spondylosis,1.6558142226860135,10:00,16:00,(413)393-4035x3869
812,Fungal infection,3.161469446652466,10:00,15:00,001-457-905-2213x4482
813,Hypertension,1.4352609239644711,11:00,13:00,438-504-2589x7892
814,Jaundice,1.81004432099005,11:00,17:00,+1-670-706-2641x871
815,Fungal infection,3.416693531674434,09:00,13:00,(656)271-2094x3584
816,Jaundice,2.401863194394014,10:00,15:00,001-505-482-7495x970
817,Common Cold,3.8538958794418314,11:00,15:00,957.582.3332
818,PsoriasisVaricose Veins,2.866907735204097,11:00,13:00,+1-725-857-2640
819,drug reaction,4.230790920456851,11:00,15:00,(405)898-2666x217
820,urinary tract infection,2.5386183659927832,10:00,17:00,219-789-4140x6784
821,Fungal infection,3.6354763802663927,08:00,17:00,001-610-281-7661x128
822,Dengue,3.854208030476362,10:00,16:00,2733173635
823,Cervical spondylosis,1.758906807677033,09:00,15:00,(793)602-9416
824,Arthritis,1.0184727176473953,09:00,16:00,+1-362-276-7487x771
825,Dengue,4.695103882100911,08:00,16:00,378-595-2315x17832
826,Pneumonia,3.2442833252044903,10:00,15:00,752-367-7349x5415
827,Hypertension,2.268675814269107,09:00,17:00,504-936-5443
828,PsoriasisVaricose Veins,1.412619460931508,10:00,16:00,+1-319-584-7347x3436
829,Dengue,4.8041611589006195,10:00,16:00,813.700.1526
830,Arthritis,1.8847182463496144,09:00,17:00,+1-307-642-7761x460
831,gastroesophageal reflux disease,2.5794759236827596,10:00,14:00,(835)983-6329x8123
832,Migraine,3.7715910387322933,11:00,17:00,+1-637-761-9003x22354
833,Hypertension,3.8734660953741047,09:00,15:00,001-845-289-8240x706
834,Malaria,1.9044467368482034,10:00,17:00,(949)283-4724x49443
835,Fungal infection,4.516865179837619,10:00,17:00,001-501-614-7795x268
836,Cervical spondylosis,4.761975226805612,09:00,14:00,001-953-633-7124x9474
837,diabetes,1.9214726900639878,08:00,15:00,001-726-275-3909x16229
838,Typhoid,2.7084578262025376,09:00,16:00,(249)809-9214x928
839,Jaundice,4.357486103168411,09:00,14:00,683-430-3188x15596
840,Chicken pox,3.596377550988288,11:00,17:00,709.367.1991x0117
841,Arthritis,4.402633318079621,09:00,17:00,9909977062
842,Pneumonia,4.867700220409712,10:00,17:00,001-595-251-0927x0958
843,Cervical spondylosis,3.0266037442958242,08:00,15:00,(635)293-4536
844,Arthritis,2.826192552115297,09:00,16:00,+1-654-428-7915x91991
845,drug reaction,4.4149761851893,11:00,15:00,874.298.1491x8251
846,gastroesophageal reflux disease,3.4551997152077134,11:00,17:00,+1-827-311-5139x22807
847,Chicken pox,2.5138198636185014,08:00,13:00,815.829.4022x49652
848,peptic ulcer disease,2.337342420645421,09:00,13:00,260.926.0667x1863
849,PsoriasisVaricose Veins,1.687501137307061,08:00,16:00,001-540-208-7402
850,Dimorphic Hemorrhoids,1.3869434834508212,09:00,16:00,276.982.5815x35326
851,peptic ulcer disease,3.2413246534098468,08:00,13:00,428.637.8513x57314
852,Typhoid,3.8419463815305517,09:00,17:00,954-508-4453x934
853,Arthritis,2.8324415609167457,09:00,15:00,582.786.6540
854,peptic ulcer disease,1.0281001278867654,11:00,14:00,(957)200-6760
855,Pneumonia,2.500568440254648,09:00,17:00,(225)330-8206x08789
856,Pneumonia,1.5182197371123825,11:00,17:00,6826161915
857,gastroesophageal reflux disease,4.943071286498635,10:00,15:00,+1-205-874-1164x93382
858,Pneumonia,3.5385007132860937,09:00,15:00,920-661-6994
859,Jaundice,2.006702305312808,11:00,16:00,481-930-6648x126
860,drug reaction,1.6436570758272562,11:00,17:00,858.934.3573x7137
861,Chicken pox,1.7515315966570002,11:00,16:00,938-817-7196x773
862,diabetes,4.167328325187877,09:00,17:00,883.673.2126x084
863,Dengue,2.209269911110512,11:00,16:00,265.312.0272
864,urinary tract infection,4.191107621878237,08:00,16:00,566-725-6787
865,Malaria,1.8381945750697386,11:00,13:00,(567)753-7921x63395
866,Cervical spondylosis,3.275371850358699,09:00,14:00,397.724.0847x625
867,Pneumonia,3.1752369695909812,08:00,13:00,2069555776
868,Migraine,2.618316121515855,11:00,17:00,+1-693-481-9209x9008
869,Cervical spondylosis,2.1279174483361527,09:00,17:00,867-954-3133
870,Migraine,3.647038643424156,11:00,14:00,001-614-581-1972
871,Cervical spondylosis,1.1597875963396795,10:00,15:00,001-552-522-3452
872,allergy,3.4559658798250217,08:00,15:00,7435395822
873,Dengue,4.260432857319456,09:00,15:00,+1-404-655-5604x0178
874,Pneumonia,2.2782836984735666,11:00,15:00,001-550-785-9364x2299
875,urinary tract infection,4.438898349609423,08:00,17:00,+1-277-346-3361x8897
876,Migraine,1.3500227707897445,09:00,15:00,526-817-9890
877,Fungal infection,4.257960206427784,11:00,16:00,438-990-2392x275
878,Fungal infection,1.3214775877771783,08:00,16:00,(681)548-1945x0146
879,Hypertension,3.681314719688242,11:00,17:00,6499921960
880,Common Cold,4.242827753167818,10:00,15:00,215-959-9449
881,Acne,3.574226986122549,08:00,14:00,(264)916-7206x3254
882,diabetes,1.2124372691228,11:00,13:00,001-952-547-1754
883,Common Cold,3.0151340582600894,09:00,15:00,728.995.9678x2787
884,peptic ulcer disease,1.8238138604093725,10:00,15:00,(298)510-3417x20319
885,Migraine,3.25948005900313,11:00,16:00,583-620-3780x1957
886,Dengue,3.83643039148491,09:00,13:00,7744769125
887,Fungal infection,3.634072111470462,11:00,15:00,001-726-799-2785
888,gastroesophageal reflux disease,1.9828589519718909,11:00,15:00,808.534.7394x32538
889,Bronchial Asthma,4.342741824433631,08:00,13:00,(458)673-8454
890,gastroesophageal reflux disease,2.3165991326105178,10:00,15:00,+1-760-491-0386
891,Dengue,1.5627748370405623,08:00,14:00,(699)590-2217x8140
892,Chicken pox,2.5628892322863637,08:00,16:00,+1-980-206-9402
893,drug reaction,1.3763746972337931,10:00,16:00,+1-552-602-5293x61224
894,gastroesophageal reflux disease,3.570196900084503,10:00,13:00,001-498-437-9621x406
895,drug reaction,2.6928594205289307,10:00,13:00,(741)648-3642
896,Jaundice,1.8316966488288031,10:00,13:00,+1-248-997-6116x960
897,peptic ulcer disease,4.0007062991509095,08:00,17:00,345.347.5771x286
898,Dengue,3.850561499253186,10:00,13:00,801.961.4101
899,Fungal infection,4.473257255859329,09:00,15:00,+1-728-562-1165x87813
900,Hypertension,1.690084155413202,08:00,17:00,(758)484-7070
901,Hypertension,2.82689733426829,09:00,15:00,(555)564-3614
902,PsoriasisVaricose Veins,1.097174363048214,10:00,14:00,+1-313-691-9792x74432
903,Hypertension,4.742657884696374,10:00,14:00,219-846-9226
904,urinary tract infection,3.9614817148865726,08:00,13:00,769.701.9195x347
905,peptic ulcer disease,4.958690146407067,11:00,17:00,916-906-9219x7051
906,Dengue,1.0612798779927313,09:00,16:00,(682)996-7726x85751
907,Arthritis,4.079069614997476,09:00,17:00,001-625-962-3599
908,Acne,2.8154403434571607,08:00,14:00,8997219855
909,Jaundice,3.1919563527367076,09:00,13:00,801.517.6804
910,Typhoid,3.5570091255168728,11:00,14:00,(435)468-0292x6546
911,PsoriasisVaricose Veins,1.4988720145832541,08:00,15:00,(915)462-6887x39015
912,Migraine,2.6841430191382916,11:00,17:00,947.572.3630x0363
913,drug reaction,2.48805287954195,09:00,14:00,2579335755
914,allergy,1.8134280184984273,11:00,14:00,001-579-991-6104x392
915,Acne,2.727579883800769,08:00,13:00,721-576-2817x0093
916,Typhoid,4.445201470060294,09:00,15:00,001-747-249-1167x9496
917,PsoriasisVaricose Veins,2.4819963354006602,09:00,16:00,+1-493-953-7429x27670
918,Malaria,4.801850544035633,11:00,15:00,881-475-7990x303
919,Chicken pox,1.427064716070971,11:00,17:00,(509)543-4272x9238
920,Acne,2.3615846352833314,09:00,15:00,001-220-380-8852x37096
921,drug reaction,4.871114684656278,08:00,15:00,001-664-794-0561x8836
922,allergy,2.9252665085615197,10:00,17:00,+1-635-728-6913x235
923,allergy,3.836392963494807,08:00,15:00,001-239-740-5385x75598
924,Jaundice,3.28258557471526,11:00,13:00,(299)372-8176x5179
925,diabetes,3.056584414246682,10:00,16:00,+1-691-560-7003x047
926,Arthritis,1.4609553313497967,08:00,16:00,+1-446-534-7083x986
927,allergy,1.0428884749278309,11:00,16:00,924-574-3794x015
928,Cervical spondylosis,3.129086164625793,10:00,15:00,(754)813-7231
929,Malaria,2.0129240037295624,08:00,13:00,925-454-8774x8928
930,Impetigo,1.0604826241371317,11:00,16:00,(946)384-3980x267
931,Hypertension,4.539655449463327,11:00,14:00,001-246-659-7923
932,Dimorphic Hemorrhoids,4.368556859911111,08:00,14:00,(450)823-7760x670
933,peptic ulcer disease,4.522077901359292,10:00,15:00,001-441-589-0244x04962
934,Typhoid,2.6586006472368036,08:00,15:00,+1-849-304-5683x732
935,diabetes,4.252412906512429,10:00,15:00,+1-976-999-0029
936,Impetigo,4.901421258461576,11:00,16:00,(395)949-8695x185
937,drug reaction,3.47420705768349,10:00,17:00,001-380-276-9999x72086
938,gastroesophageal reflux disease,2.1290237105692795,11:00,14:00,(479)354-0548
939,Bronchial Asthma,1.1343953951495744,09:00,15:00,501.574.1406x57215
940,Fungal infection,2.338427048777718,08:00,15:00,001-695-421-1577x10428
941,Cervical spondylosis,2.581852149135307,08:00,13:00,354-943-0508x1259
942,Dimorphic Hemorrhoids,4.4638367521260065,10:00,14:00,7016123378
943,Bronchial Asthma,1.2436075428450395,11:00,17:00,261-784-2328x178
944,Chicken pox,1.1329387780942128,10:00,15:00,951.706.0621x2836
945,Hypertension,3.8263295701517785,08:00,15:00,001-466-378-4001
946,Common Cold,4.666317951778196,10:00,17:00,(600)361-3354x745
947,Hypertension,2.7321062952891477,08:00,15:00,8078715761
948,allergy,3.7125335028728674,10:00,15:00,847-935-7223x90165
949,Dengue,2.232219246428447,10:00,17:00,+1-860-919-9526x8013
950,Dimorphic Hemorrhoids,2.981212888407682,08:00,15:00,(401)252-8327
951,Cervical spondylosis,2.0935636721033837,09:00,15:00,001-779-526-8353x13497
952,Acne,2.073096492146818,10:00,15:00,(563)480-0569
953,Bronchial Asthma,2.0863099479430334,09:00,14:00,(534)427-4659x034
954,Bronchial Asthma,4.0576166604093435,08:00,16:00,594.397.1139x292
955,Arthritis,4.685147697294514,09:00,14:00,280.840.8622x85097
956,Migraine,4.929537520890062,11:00,17:00,+1-996-468-7071x46051
957,Fungal infection,3.019261610885188,08:00,13:00,401.296.8062
958,Jaundice,4.0560772250406645,09:00,16:00,937.281.8687
959,PsoriasisVaricose Veins,2.435580662432726,11:00,16:00,697-244-1692x092
960,gastroesophageal reflux disease,3.3424567668390472,09:00,15:00,+1-958-299-9818x622
961,gastroesophageal reflux disease,1.5705597735534864,10:00,13:00,831-728-7732
962,peptic ulcer disease,1.3741324371341053,11:00,15:00,460-743-2472x963
963,Acne,1.5520564189469948,10:00,15:00,9765197598
964,Common Cold,2.1444239078133442,10:00,14:00,(270)426-9193
965,Chicken pox,1.2491559122926197,08:00,15:00,854-352-5364x1573
966,Bronchial Asthma,4.094229735815585,10:00,17:00,(304)524-6344
967,drug reaction,4.054657374410267,10:00,14:00,+1-336-465-3432
968,drug reaction,3.143744486675006,11:00,15:00,001-287-410-2334x796
969,Malaria,4.43589236755296,11:00,17:00,4277448958
970,gastroesophageal reflux disease,3.454736528528381,11:00,17:00,937-601-1196x081
971,peptic ulcer disease,1.664018175141385,11:00,13:00,8613861100
972,Hypertension,4.826346673212793,08:00,14:00,(880)590-4602x32309
973,Dimorphic Hemorrhoids,4.722713737518612,08:00,14:00,+1-714-204-9484x841
974,Fungal infection,3.1844362641319255,11:00,14:00,001-482-408-6841
975,PsoriasisVaricose Veins,4.41021753038463,09:00,15:00,(491)804-7059x9932
976,Bronchial Asthma,2.681733214514383,09:00,15:00,514.500.4333x818
977,Dengue,4.864389105253126,08:00,14:00,501.962.5282
978,peptic ulcer disease,3.085309778852427,10:00,14:00,001-227-568-4844x19175
979,Chicken pox,4.935954078530102,09:00,16:00,(764)935-7943x77584
980,drug reaction,3.72374405106406,08:00,16:00,+1-988-699-8605x52076
981,Acne,2.6729496331517812,08:00,17:00,001-729-213-7045
982,drug reaction,1.7615483567796781,11:00,17:00,343-575-0975
983,Common Cold,3.976762957993125,09:00,17:00,707-266-2882x2400
984,Malaria,2.700312519981713,08:00,15:00,+1-286-362-6355
985,Chicken pox,2.143205904012104,11:00,14:00,613.891.2284
986,Impetigo,3.9605952355080976,08:00,15:00,2327142328
987,Impetigo,3.377940811102864,11:00,17:00,(313)727-5550x009
988,Chicken pox,1.786892570700208,10:00,17:00,339.457.3897
989,Dengue,1.8685458013253062,11:00,17:00,2793835924
990,urinary tract infection,4.042453501356954,11:00,15:00,(712)213-9656x3343
991,Dengue,1.5278432520351481,08:00,14:00,(582)710-7233x252
992,drug reaction,4.144918272609996,08:00,17:00,(999)852-5277
993,Migraine,2.817955841752776,10:00,14:00,446-211-0029
994,Chicken pox,4.6299590738098315,09:00,16:00,001-641-549-6783x3560
995,Dengue,1.1467995002933078,08:00,16:00,(434)961-4808x36790
996,Acne,4.02969998310752,08:00,16:00,001-577-879-7633
997,urinary tract infection,1.0508906848806427,09:00,14:00,927.469.1643
998,Malaria,4.686355566790202,11:00,17:00,+1-601-429-8853
999,gastroesophageal reflux disease,4.980505561607812,09:00,16:00,785-969-0513x92591
1000,Jaundice,1.1447724237598522,08:00,13:00,486.768.3169
